"id","object_id","object_value","update_ts"
1,"626a81ce9a8cd1920641e258","{""_id"": ""626a81ce9a8cd1920641e258"", ""login"": ""amosvlasov"", ""name"": ""Коновалова Светлана Георгиевна"", ""update_ts"": ""2023-10-16 15:00:13""}",2023-10-16 15:00:13.000
2,"626a81ce9a8cd1920641e259","{""_id"": ""626a81ce9a8cd1920641e259"", ""login"": ""pahom_2017"", ""name"": ""Агафья Константиновна Воронцова"", ""update_ts"": ""2023-10-16 15:00:13""}",2023-10-16 15:00:13.000
3,"626a81ce9a8cd1920641e25a","{""_id"": ""626a81ce9a8cd1920641e25a"", ""login"": ""moiseevvaleri"", ""name"": ""тов. Васильев Всеволод Жоресович"", ""update_ts"": ""2023-10-16 15:00:13""}",2023-10-16 15:00:13.000
4,"626a81ce9a8cd1920641e25b","{""_id"": ""626a81ce9a8cd1920641e25b"", ""login"": ""melnikovavalerija"", ""name"": ""Хохлов Данила Дмитриевич"", ""update_ts"": ""2023-10-16 15:00:13""}",2023-10-16 15:00:13.000
5,"626a81ce9a8cd1920641e25c","{""_id"": ""626a81ce9a8cd1920641e25c"", ""login"": ""izmail28"", ""name"": ""София Романовна Сергеева"", ""update_ts"": ""2023-10-16 15:00:13""}",2023-10-16 15:00:13.000
6,"626a81ce9a8cd1920641e25d","{""_id"": ""626a81ce9a8cd1920641e25d"", ""login"": ""vlasovataisija"", ""name"": ""Нина Оскаровна Корнилова"", ""update_ts"": ""2023-10-16 15:00:13""}",2023-10-16 15:00:13.000
7,"626a81ce9a8cd1920641e25e","{""_id"": ""626a81ce9a8cd1920641e25e"", ""login"": ""xkirillov"", ""name"": ""Евдокия Леонидовна Михайлова"", ""update_ts"": ""2023-10-16 15:00:13""}",2023-10-16 15:00:13.000
8,"626a81ce9a8cd1920641e25f","{""_id"": ""626a81ce9a8cd1920641e25f"", ""login"": ""anna93"", ""name"": ""Шарапова Лукия Наумовна"", ""update_ts"": ""2023-10-16 15:00:13""}",2023-10-16 15:00:13.000
9,"626a81ce9a8cd1920641e260","{""_id"": ""626a81ce9a8cd1920641e260"", ""login"": ""grishinaglafira"", ""name"": ""Елисей Фадеевич Самойлов"", ""update_ts"": ""2023-10-16 15:00:13""}",2023-10-16 15:00:13.000
10,"626a81ce9a8cd1920641e261","{""_id"": ""626a81ce9a8cd1920641e261"", ""login"": ""zhdanovaakulina"", ""name"": ""Олимпиада Ефимовна Власова"", ""update_ts"": ""2023-10-16 15:00:13""}",2023-10-16 15:00:13.000
11,"626a81ce9a8cd1920641e262","{""_id"": ""626a81ce9a8cd1920641e262"", ""login"": ""bobilevmihail"", ""name"": ""Исидор Всеволодович Крюков"", ""update_ts"": ""2023-10-16 15:00:13""}",2023-10-16 15:00:13.000
12,"626a81ce9a8cd1920641e263","{""_id"": ""626a81ce9a8cd1920641e263"", ""login"": ""klimentmedvedev"", ""name"": ""Сысоев Елисей Ефстафьевич"", ""update_ts"": ""2023-10-16 15:00:13""}",2023-10-16 15:00:13.000
13,"626a81ce9a8cd1920641e264","{""_id"": ""626a81ce9a8cd1920641e264"", ""login"": ""ninel_2016"", ""name"": ""Гаврила Архипович Игнатьев"", ""update_ts"": ""2023-10-16 15:00:13""}",2023-10-16 15:00:13.000
14,"626a81ce9a8cd1920641e265","{""_id"": ""626a81ce9a8cd1920641e265"", ""login"": ""ustinmatveev"", ""name"": ""Галкина Елена Никифоровна"", ""update_ts"": ""2023-10-16 15:00:13""}",2023-10-16 15:00:13.000
15,"626a81ce9a8cd1920641e266","{""_id"": ""626a81ce9a8cd1920641e266"", ""login"": ""strelkovmaksim"", ""name"": ""Никифоров Гаврила Всеволодович"", ""update_ts"": ""2023-10-16 15:00:13""}",2023-10-16 15:00:13.000
16,"626a81ce9a8cd1920641e267","{""_id"": ""626a81ce9a8cd1920641e267"", ""login"": ""nikola_1996"", ""name"": ""Зыков Спартак Фёдорович"", ""update_ts"": ""2023-10-16 15:00:13""}",2023-10-16 15:00:13.000
17,"626a81ce9a8cd1920641e268","{""_id"": ""626a81ce9a8cd1920641e268"", ""login"": ""vsevolod11"", ""name"": ""Пахомов Онуфрий Юлианович"", ""update_ts"": ""2023-10-16 15:00:13""}",2023-10-16 15:00:13.000
18,"626a81ce9a8cd1920641e269","{""_id"": ""626a81ce9a8cd1920641e269"", ""login"": ""trofimovnifont"", ""name"": ""Лев Егорович Фролов"", ""update_ts"": ""2023-10-16 15:00:13""}",2023-10-16 15:00:13.000
19,"626a81ce9a8cd1920641e26a","{""_id"": ""626a81ce9a8cd1920641e26a"", ""login"": ""nazarromanov"", ""name"": ""Екатерина Артемовна Киселева"", ""update_ts"": ""2023-10-16 15:00:13""}",2023-10-16 15:00:13.000
20,"626a81ce9a8cd1920641e26b","{""_id"": ""626a81ce9a8cd1920641e26b"", ""login"": ""artem_1973"", ""name"": ""Тарасова Екатерина Альбертовна"", ""update_ts"": ""2023-10-16 15:00:13""}",2023-10-16 15:00:13.000
21,"626a81ce9a8cd1920641e26c","{""_id"": ""626a81ce9a8cd1920641e26c"", ""login"": ""isakovafaina"", ""name"": ""Петухов Соломон Феодосьевич"", ""update_ts"": ""2023-10-16 15:00:13""}",2023-10-16 15:00:13.000
22,"626a81ce9a8cd1920641e26d","{""_id"": ""626a81ce9a8cd1920641e26d"", ""login"": ""lavrentevaija"", ""name"": ""Будимир Августович Гущин"", ""update_ts"": ""2023-10-16 15:00:13""}",2023-10-16 15:00:13.000
23,"626a81ce9a8cd1920641e26e","{""_id"": ""626a81ce9a8cd1920641e26e"", ""login"": ""hkononova"", ""name"": ""Евсей Валентинович Сергеев"", ""update_ts"": ""2023-10-16 15:00:13""}",2023-10-16 15:00:13.000
24,"626a81ce9a8cd1920641e26f","{""_id"": ""626a81ce9a8cd1920641e26f"", ""login"": ""kzimin"", ""name"": ""Милица Наумовна Новикова"", ""update_ts"": ""2023-10-16 15:00:13""}",2023-10-16 15:00:13.000
25,"626a81ce9a8cd1920641e270","{""_id"": ""626a81ce9a8cd1920641e270"", ""login"": ""visheslav42"", ""name"": ""Соломон Феликсович Филиппов"", ""update_ts"": ""2023-10-16 15:00:13""}",2023-10-16 15:00:13.000
26,"626a81ce9a8cd1920641e271","{""_id"": ""626a81ce9a8cd1920641e271"", ""login"": ""foka57"", ""name"": ""Тетерина Анастасия Матвеевна"", ""update_ts"": ""2023-10-16 15:00:13""}",2023-10-16 15:00:13.000
27,"626a81ce9a8cd1920641e272","{""_id"": ""626a81ce9a8cd1920641e272"", ""login"": ""budimir_63"", ""name"": ""Рябов Федосий Терентьевич"", ""update_ts"": ""2023-10-16 15:00:13""}",2023-10-16 15:00:13.000
28,"626a81ce9a8cd1920641e273","{""_id"": ""626a81ce9a8cd1920641e273"", ""login"": ""wnekrasov"", ""name"": ""Любомир Германович Герасимов"", ""update_ts"": ""2023-10-16 15:00:13""}",2023-10-16 15:00:13.000
29,"626a81ce9a8cd1920641e274","{""_id"": ""626a81ce9a8cd1920641e274"", ""login"": ""bikovgrigori"", ""name"": ""Мамонтова Акулина Федоровна"", ""update_ts"": ""2023-10-16 15:00:13""}",2023-10-16 15:00:13.000
30,"626a81ce9a8cd1920641e275","{""_id"": ""626a81ce9a8cd1920641e275"", ""login"": ""zribakov"", ""name"": ""Светлана Валериевна Корнилова"", ""update_ts"": ""2023-10-16 15:00:13""}",2023-10-16 15:00:13.000
31,"626a81ce9a8cd1920641e276","{""_id"": ""626a81ce9a8cd1920641e276"", ""login"": ""fkalinin"", ""name"": ""Гремислав Аверьянович Беспалов"", ""update_ts"": ""2023-10-16 15:00:13""}",2023-10-16 15:00:13.000
32,"626a81ce9a8cd1920641e277","{""_id"": ""626a81ce9a8cd1920641e277"", ""login"": ""gusevaoksana"", ""name"": ""Буров Кузьма Арсеньевич"", ""update_ts"": ""2023-10-16 15:00:13""}",2023-10-16 15:00:13.000
33,"626a81ce9a8cd1920641e278","{""_id"": ""626a81ce9a8cd1920641e278"", ""login"": ""galina88"", ""name"": ""Ангелина Аркадьевна Лыткина"", ""update_ts"": ""2023-10-16 15:00:13""}",2023-10-16 15:00:13.000
34,"626a81ce9a8cd1920641e279","{""_id"": ""626a81ce9a8cd1920641e279"", ""login"": ""tarasovaalina"", ""name"": ""Савина Вера Ждановна"", ""update_ts"": ""2023-10-16 15:00:13""}",2023-10-16 15:00:13.000
35,"626a81ce9a8cd1920641e27a","{""_id"": ""626a81ce9a8cd1920641e27a"", ""login"": ""naum_1993"", ""name"": ""Гущин Филимон Терентьевич"", ""update_ts"": ""2023-10-16 15:00:13""}",2023-10-16 15:00:13.000
36,"626a81ce9a8cd1920641e27b","{""_id"": ""626a81ce9a8cd1920641e27b"", ""login"": ""vladimirovamaja"", ""name"": ""Нинель Вениаминовна Осипова"", ""update_ts"": ""2023-10-16 15:00:13""}",2023-10-16 15:00:13.000
37,"626a81ce9a8cd1920641e27c","{""_id"": ""626a81ce9a8cd1920641e27c"", ""login"": ""vlas_2013"", ""name"": ""Валерия Кирилловна Титова"", ""update_ts"": ""2023-10-16 15:00:13""}",2023-10-16 15:00:13.000
38,"626a81ce9a8cd1920641e27d","{""_id"": ""626a81ce9a8cd1920641e27d"", ""login"": ""arkadi2008"", ""name"": ""Кирилл Герасимович Архипов"", ""update_ts"": ""2023-10-16 15:00:13""}",2023-10-16 15:00:13.000
39,"626a81ce9a8cd1920641e27e","{""_id"": ""626a81ce9a8cd1920641e27e"", ""login"": ""jakovlevavalerija"", ""name"": ""Рожков Болеслав Даниилович"", ""update_ts"": ""2023-10-16 15:00:13""}",2023-10-16 15:00:13.000
40,"626a81ce9a8cd1920641e27f","{""_id"": ""626a81ce9a8cd1920641e27f"", ""login"": ""dobroslav_1974"", ""name"": ""Симон Жоресович Колобов"", ""update_ts"": ""2023-10-16 15:00:13""}",2023-10-16 15:00:13.000
41,"626a81ce9a8cd1920641e280","{""_id"": ""626a81ce9a8cd1920641e280"", ""login"": ""terenti_75"", ""name"": ""Мамонтов Панкрат Бориславович"", ""update_ts"": ""2023-10-16 15:00:13""}",2023-10-16 15:00:13.000
42,"626a81ce9a8cd1920641e281","{""_id"": ""626a81ce9a8cd1920641e281"", ""login"": ""rmuraveva"", ""name"": ""Дементьев Ерофей Ефстафьевич"", ""update_ts"": ""2023-10-16 15:00:13""}",2023-10-16 15:00:13.000
43,"626a81ce9a8cd1920641e282","{""_id"": ""626a81ce9a8cd1920641e282"", ""login"": ""gremislav2004"", ""name"": ""Евпраксия Семеновна Федотова"", ""update_ts"": ""2023-10-16 15:00:14""}",2023-10-16 15:00:14.000
44,"626a81ce9a8cd1920641e283","{""_id"": ""626a81ce9a8cd1920641e283"", ""login"": ""rfedotov"", ""name"": ""Ларионова Полина Олеговна"", ""update_ts"": ""2023-10-16 15:00:14""}",2023-10-16 15:00:14.000
45,"626a81ce9a8cd1920641e284","{""_id"": ""626a81ce9a8cd1920641e284"", ""login"": ""prokldrozdov"", ""name"": ""Якушева Ксения Юрьевна"", ""update_ts"": ""2023-10-16 15:00:14""}",2023-10-16 15:00:14.000
46,"626a81ce9a8cd1920641e285","{""_id"": ""626a81ce9a8cd1920641e285"", ""login"": ""trofim_66"", ""name"": ""Селиверстов Никанор Адамович"", ""update_ts"": ""2023-10-16 15:00:14""}",2023-10-16 15:00:14.000
47,"626a81ce9a8cd1920641e286","{""_id"": ""626a81ce9a8cd1920641e286"", ""login"": ""luka1983"", ""name"": ""Фадей Вячеславович Зиновьев"", ""update_ts"": ""2023-10-16 15:00:14""}",2023-10-16 15:00:14.000
48,"626a81ce9a8cd1920641e287","{""_id"": ""626a81ce9a8cd1920641e287"", ""login"": ""dobromisl_2009"", ""name"": ""Елена Игоревна Ефимова"", ""update_ts"": ""2023-10-16 15:00:14""}",2023-10-16 15:00:14.000
49,"626a81ce9a8cd1920641e288","{""_id"": ""626a81ce9a8cd1920641e288"", ""login"": ""terentevafekla"", ""name"": ""Игнатьев Софрон Гертрудович"", ""update_ts"": ""2023-10-16 15:00:14""}",2023-10-16 15:00:14.000
50,"626a81ce9a8cd1920641e289","{""_id"": ""626a81ce9a8cd1920641e289"", ""login"": ""filatovvarfolome"", ""name"": ""Наина Васильевна Ефимова"", ""update_ts"": ""2023-10-16 15:00:14""}",2023-10-16 15:00:14.000
51,"626a81ce9a8cd1920641e28a","{""_id"": ""626a81ce9a8cd1920641e28a"", ""login"": ""gavrilovfoka"", ""name"": ""Антонина Кузьминична Вишнякова"", ""update_ts"": ""2023-10-16 15:00:14""}",2023-10-16 15:00:14.000
52,"626a81ce9a8cd1920641e28b","{""_id"": ""626a81ce9a8cd1920641e28b"", ""login"": ""anatoli_38"", ""name"": ""Муравьева Акулина Вениаминовна"", ""update_ts"": ""2023-10-16 15:00:14""}",2023-10-16 15:00:14.000
53,"626a81ce9a8cd1920641e28c","{""_id"": ""626a81ce9a8cd1920641e28c"", ""login"": ""pankratfilatov"", ""name"": ""Евдокия Кузьминична Агафонова"", ""update_ts"": ""2023-10-16 15:00:14""}",2023-10-16 15:00:14.000
54,"626a81ce9a8cd1920641e28d","{""_id"": ""626a81ce9a8cd1920641e28d"", ""login"": ""moke_2015"", ""name"": ""Самойлова Кира Кирилловна"", ""update_ts"": ""2023-10-16 15:00:14""}",2023-10-16 15:00:14.000
55,"626a81ce9a8cd1920641e28e","{""_id"": ""626a81ce9a8cd1920641e28e"", ""login"": ""innokenti_97"", ""name"": ""Степанова Вероника Матвеевна"", ""update_ts"": ""2023-10-16 15:00:14""}",2023-10-16 15:00:14.000
56,"626a81ce9a8cd1920641e28f","{""_id"": ""626a81ce9a8cd1920641e28f"", ""login"": ""milovan1977"", ""name"": ""Лапин Болеслав Георгиевич"", ""update_ts"": ""2023-10-16 15:00:14""}",2023-10-16 15:00:14.000
57,"626a81ce9a8cd1920641e290","{""_id"": ""626a81ce9a8cd1920641e290"", ""login"": ""vadim_72"", ""name"": ""Михайлов Милий Филиппович"", ""update_ts"": ""2023-10-16 15:00:14""}",2023-10-16 15:00:14.000
58,"626a81ce9a8cd1920641e291","{""_id"": ""626a81ce9a8cd1920641e291"", ""login"": ""shubinrodion"", ""name"": ""Зинаида Яковлевна Кабанова"", ""update_ts"": ""2023-10-16 15:00:14""}",2023-10-16 15:00:14.000
59,"626a81ce9a8cd1920641e292","{""_id"": ""626a81ce9a8cd1920641e292"", ""login"": ""galaktion_1999"", ""name"": ""Беляев Радим Юлианович"", ""update_ts"": ""2023-10-16 15:00:14""}",2023-10-16 15:00:14.000
60,"626a81ce9a8cd1920641e293","{""_id"": ""626a81ce9a8cd1920641e293"", ""login"": ""ukononova"", ""name"": ""Комиссарова Акулина Кузьминична"", ""update_ts"": ""2023-10-16 15:00:14""}",2023-10-16 15:00:14.000
61,"626a81ce9a8cd1920641e294","{""_id"": ""626a81ce9a8cd1920641e294"", ""login"": ""gorbunovajulija"", ""name"": ""Воронцова Агафья Валентиновна"", ""update_ts"": ""2023-10-16 15:00:14""}",2023-10-16 15:00:14.000
62,"626a81ce9a8cd1920641e295","{""_id"": ""626a81ce9a8cd1920641e295"", ""login"": ""sergeevaglafira"", ""name"": ""Мина Антонович Моисеев"", ""update_ts"": ""2023-10-16 15:00:14""}",2023-10-16 15:00:14.000
63,"626a81ce9a8cd1920641e296","{""_id"": ""626a81ce9a8cd1920641e296"", ""login"": ""konstantin58"", ""name"": ""Котова Ольга Вениаминовна"", ""update_ts"": ""2023-10-16 15:00:14""}",2023-10-16 15:00:14.000
64,"626a81ce9a8cd1920641e297","{""_id"": ""626a81ce9a8cd1920641e297"", ""login"": ""milin"", ""name"": ""Наталья Ждановна Сергеева"", ""update_ts"": ""2023-10-16 15:00:14""}",2023-10-16 15:00:14.000
65,"626a81ce9a8cd1920641e298","{""_id"": ""626a81ce9a8cd1920641e298"", ""login"": ""gavrilovevdokim"", ""name"": ""Михаил Игоревич Денисов"", ""update_ts"": ""2023-10-16 15:00:14""}",2023-10-16 15:00:14.000
66,"626a81ce9a8cd1920641e299","{""_id"": ""626a81ce9a8cd1920641e299"", ""login"": ""artemi1979"", ""name"": ""Никон Трофимович Тихонов"", ""update_ts"": ""2023-10-16 15:00:14""}",2023-10-16 15:00:14.000
67,"626a81ce9a8cd1920641e29a","{""_id"": ""626a81ce9a8cd1920641e29a"", ""login"": ""afanasilobanov"", ""name"": ""Клавдия Викторовна Дмитриева"", ""update_ts"": ""2023-10-16 15:00:14""}",2023-10-16 15:00:14.000
68,"626a81ce9a8cd1920641e29b","{""_id"": ""626a81ce9a8cd1920641e29b"", ""login"": ""stanislav_2006"", ""name"": ""Шестаков Егор Харлампович"", ""update_ts"": ""2023-10-16 15:00:14""}",2023-10-16 15:00:14.000
69,"626a81ce9a8cd1920641e29c","{""_id"": ""626a81ce9a8cd1920641e29c"", ""login"": ""larionovgennadi"", ""name"": ""Вадим Ефстафьевич Зимин"", ""update_ts"": ""2023-10-16 15:00:14""}",2023-10-16 15:00:14.000
70,"626a81ce9a8cd1920641e29d","{""_id"": ""626a81ce9a8cd1920641e29d"", ""login"": ""suhanovefim"", ""name"": ""Евдоким Валерианович Егоров"", ""update_ts"": ""2023-10-16 15:00:14""}",2023-10-16 15:00:14.000
71,"626a81ce9a8cd1920641e29e","{""_id"": ""626a81ce9a8cd1920641e29e"", ""login"": ""dignatova"", ""name"": ""Пантелеймон Ефремович Якушев"", ""update_ts"": ""2023-10-16 15:00:14""}",2023-10-16 15:00:14.000
72,"626a81ce9a8cd1920641e29f","{""_id"": ""626a81ce9a8cd1920641e29f"", ""login"": ""miroslav_61"", ""name"": ""Игнатов Мокей Адрианович"", ""update_ts"": ""2023-10-16 15:00:14""}",2023-10-16 15:00:14.000
73,"626a81ce9a8cd1920641e2a0","{""_id"": ""626a81ce9a8cd1920641e2a0"", ""login"": ""kolesnikovsilvestr"", ""name"": ""Исидор Дорофеевич Сысоев"", ""update_ts"": ""2023-10-16 15:00:14""}",2023-10-16 15:00:14.000
74,"626a81ce9a8cd1920641e2a1","{""_id"": ""626a81ce9a8cd1920641e2a1"", ""login"": ""darja50"", ""name"": ""Аксенов Митофан Трофимович"", ""update_ts"": ""2023-10-16 15:00:14""}",2023-10-16 15:00:14.000
75,"626a81ce9a8cd1920641e2a2","{""_id"": ""626a81ce9a8cd1920641e2a2"", ""login"": ""doroninepifan"", ""name"": ""Стоян Августович Дроздов"", ""update_ts"": ""2023-10-16 15:00:14""}",2023-10-16 15:00:14.000
76,"626a81ce9a8cd1920641e2a3","{""_id"": ""626a81ce9a8cd1920641e2a3"", ""login"": ""koshelevmiroslav"", ""name"": ""Исаева Анастасия Харитоновна"", ""update_ts"": ""2023-10-16 15:00:14""}",2023-10-16 15:00:14.000
77,"626a81ce9a8cd1920641e2a4","{""_id"": ""626a81ce9a8cd1920641e2a4"", ""login"": ""okarpova"", ""name"": ""Наталья Валериевна Авдеева"", ""update_ts"": ""2023-10-16 15:00:14""}",2023-10-16 15:00:14.000
78,"626a81ce9a8cd1920641e2a5","{""_id"": ""626a81ce9a8cd1920641e2a5"", ""login"": ""nikolaevkapiton"", ""name"": ""Елена Ждановна Виноградова"", ""update_ts"": ""2023-10-16 15:00:14""}",2023-10-16 15:00:14.000
79,"626a81ce9a8cd1920641e2a6","{""_id"": ""626a81ce9a8cd1920641e2a6"", ""login"": ""seliverststepanov"", ""name"": ""Прокл Трофимович Андреев"", ""update_ts"": ""2023-10-16 15:00:14""}",2023-10-16 15:00:14.000
80,"626a81ce9a8cd1920641e2a7","{""_id"": ""626a81ce9a8cd1920641e2a7"", ""login"": ""eduard2001"", ""name"": ""Регина Степановна Мясникова"", ""update_ts"": ""2023-10-16 15:00:14""}",2023-10-16 15:00:14.000
81,"626a81ce9a8cd1920641e2a8","{""_id"": ""626a81ce9a8cd1920641e2a8"", ""login"": ""gennadi60"", ""name"": ""Фёкла Валентиновна Кудряшова"", ""update_ts"": ""2023-10-16 15:00:14""}",2023-10-16 15:00:14.000
82,"626a81ce9a8cd1920641e2a9","{""_id"": ""626a81ce9a8cd1920641e2a9"", ""login"": ""izotsmirnov"", ""name"": ""Октябрина Рудольфовна Медведева"", ""update_ts"": ""2023-10-16 15:00:15""}",2023-10-16 15:00:15.000
83,"626a81ce9a8cd1920641e2aa","{""_id"": ""626a81ce9a8cd1920641e2aa"", ""login"": ""sergeevavalentina"", ""name"": ""Ксения Тарасовна Моисеева"", ""update_ts"": ""2023-10-16 15:00:15""}",2023-10-16 15:00:15.000
84,"626a81ce9a8cd1920641e2ab","{""_id"": ""626a81ce9a8cd1920641e2ab"", ""login"": ""nonna_1988"", ""name"": ""Сазонова Оксана Кирилловна"", ""update_ts"": ""2023-10-16 15:00:15""}",2023-10-16 15:00:15.000
85,"626a81ce9a8cd1920641e2ac","{""_id"": ""626a81ce9a8cd1920641e2ac"", ""login"": ""klavdija_2012"", ""name"": ""Виноградов Онуфрий Виленович"", ""update_ts"": ""2023-10-16 15:00:15""}",2023-10-16 15:00:15.000
86,"626a81ce9a8cd1920641e2ad","{""_id"": ""626a81ce9a8cd1920641e2ad"", ""login"": ""boleslavzikov"", ""name"": ""Глафира Тимуровна Якушева"", ""update_ts"": ""2023-10-16 15:00:15""}",2023-10-16 15:00:15.000
87,"626a81ce9a8cd1920641e2ae","{""_id"": ""626a81ce9a8cd1920641e2ae"", ""login"": ""kolesnikovatatjana"", ""name"": ""Зиновьева Зинаида Павловна"", ""update_ts"": ""2023-10-16 15:00:15""}",2023-10-16 15:00:15.000
88,"626a81ce9a8cd1920641e2af","{""_id"": ""626a81ce9a8cd1920641e2af"", ""login"": ""tvorimir_1977"", ""name"": ""Хохлова Вероника Васильевна"", ""update_ts"": ""2023-10-16 15:00:15""}",2023-10-16 15:00:15.000
89,"626a81ce9a8cd1920641e2b0","{""_id"": ""626a81ce9a8cd1920641e2b0"", ""login"": ""sevastjan_1997"", ""name"": ""Анисимов Макар Филимонович"", ""update_ts"": ""2023-10-16 15:00:15""}",2023-10-16 15:00:15.000
90,"626a81ce9a8cd1920641e2b1","{""_id"": ""626a81ce9a8cd1920641e2b1"", ""login"": ""iraklisisoev"", ""name"": ""Ермолай Харламович Воронов"", ""update_ts"": ""2023-10-16 15:00:15""}",2023-10-16 15:00:15.000
91,"626a81ce9a8cd1920641e2b2","{""_id"": ""626a81ce9a8cd1920641e2b2"", ""login"": ""burovmitofan"", ""name"": ""Матвеева Марина Оскаровна"", ""update_ts"": ""2023-10-16 15:00:15""}",2023-10-16 15:00:15.000
92,"626a81ce9a8cd1920641e2b3","{""_id"": ""626a81ce9a8cd1920641e2b3"", ""login"": ""vjacheslav63"", ""name"": ""Котов Измаил Елисеевич"", ""update_ts"": ""2023-10-16 15:00:15""}",2023-10-16 15:00:15.000
93,"626a81ce9a8cd1920641e2b4","{""_id"": ""626a81ce9a8cd1920641e2b4"", ""login"": ""antonovaninel"", ""name"": ""Анатолий Бориславович Князев"", ""update_ts"": ""2023-10-16 15:00:15""}",2023-10-16 15:00:15.000
94,"626a81ce9a8cd1920641e2b5","{""_id"": ""626a81ce9a8cd1920641e2b5"", ""login"": ""tverdislav1976"", ""name"": ""Зиновьев Твердислав Ефимович"", ""update_ts"": ""2023-10-16 15:00:15""}",2023-10-16 15:00:15.000
95,"626a81ce9a8cd1920641e2b6","{""_id"": ""626a81ce9a8cd1920641e2b6"", ""login"": ""gordeevkondrati"", ""name"": ""Фаина Георгиевна Пахомова"", ""update_ts"": ""2023-10-16 15:00:15""}",2023-10-16 15:00:15.000
96,"626a81ce9a8cd1920641e2b7","{""_id"": ""626a81ce9a8cd1920641e2b7"", ""login"": ""martinovjaroslav"", ""name"": ""Константин Исидорович Игнатов"", ""update_ts"": ""2023-10-16 15:00:15""}",2023-10-16 15:00:15.000
97,"626a81ce9a8cd1920641e2b8","{""_id"": ""626a81ce9a8cd1920641e2b8"", ""login"": ""irjabov"", ""name"": ""Татьяна Ниловна Русакова"", ""update_ts"": ""2023-10-16 15:00:15""}",2023-10-16 15:00:15.000
98,"626a81ce9a8cd1920641e2b9","{""_id"": ""626a81ce9a8cd1920641e2b9"", ""login"": ""ignatevlukjan"", ""name"": ""Ефимов Панкратий Данилович"", ""update_ts"": ""2023-10-16 15:00:15""}",2023-10-16 15:00:15.000
99,"626a81ce9a8cd1920641e2ba","{""_id"": ""626a81ce9a8cd1920641e2ba"", ""login"": ""petuhovgremislav"", ""name"": ""Архипова Маргарита Валериевна"", ""update_ts"": ""2023-10-16 15:00:15""}",2023-10-16 15:00:15.000
100,"626a81ce9a8cd1920641e2bb","{""_id"": ""626a81ce9a8cd1920641e2bb"", ""login"": ""xkondrateva"", ""name"": ""Шилов Велимир Устинович"", ""update_ts"": ""2023-10-16 15:00:15""}",2023-10-16 15:00:15.000
